,charge_kW,discharge_kW,net_kW,soc_kWh
2023-01-01 00:00:00+02:00,0.0,0.0,0.0,60.800000000000004
2023-01-01 00:15:00+02:00,0.0,0.0,0.0,60.8
2023-01-01 00:30:00+02:00,0.0,0.0,0.0,60.8
2023-01-01 00:45:00+02:00,0.0,0.0,0.0,60.8
2023-01-01 01:00:00+02:00,0.0,0.0,0.0,60.8
2023-01-01 01:15:00+02:00,0.0,0.0,0.0,60.8
2023-01-01 01:30:00+02:00,0.0,0.0,0.0,60.8
2023-01-01 01:45:00+02:00,0.0,0.0,0.0,60.8
2023-01-01 02:00:00+02:00,0.0,0.0,0.0,60.8
2023-01-01 02:15:00+02:00,0.0,0.0,0.0,60.8
2023-01-01 02:30:00+02:00,0.0,0.0,0.0,60.8
2023-01-01 02:45:00+02:00,0.0,0.0,0.0,60.8
2023-01-01 03:00:00+02:00,0.0,0.0,0.0,60.8
2023-01-01 03:15:00+02:00,0.0,0.0,0.0,60.8
2023-01-01 03:30:00+02:00,0.0,0.0,0.0,60.8
2023-01-01 03:45:00+02:00,0.0,0.0,0.0,60.8
2023-01-01 04:00:00+02:00,0.0,0.0,0.0,60.8
2023-01-01 04:15:00+02:00,0.0,0.0,0.0,60.8
2023-01-01 04:30:00+02:00,0.0,0.0,0.0,60.8
2023-01-01 04:45:00+02:00,0.0,0.0,0.0,60.8
2023-01-01 05:00:00+02:00,0.0,0.0,0.0,60.8
2023-01-01 05:15:00+02:00,0.0,0.0,0.0,60.8
2023-01-01 05:30:00+02:00,0.0,0.0,0.0,60.8
2023-01-01 05:45:00+02:00,0.0,0.0,0.0,60.8
2023-01-01 06:00:00+02:00,0.0,0.0,0.0,60.8
2023-01-01 06:15:00+02:00,0.0,0.0,0.0,60.8
2023-01-01 06:30:00+02:00,0.0,0.0,0.0,60.8
2023-01-01 06:45:00+02:00,0.0,0.0,0.0,60.8
2023-01-01 07:00:00+02:00,0.0,0.0,0.0,60.8
2023-01-01 07:15:00+02:00,0.0,0.0,0.0,60.8
2023-01-01 07:30:00+02:00,0.0,0.0,0.0,60.8
2023-01-01 07:45:00+02:00,0.0,0.0,0.0,60.8
2023-01-01 08:00:00+02:00,0.0,0.0,0.0,60.8
2023-01-01 08:15:00+02:00,0.0,0.0,0.0,60.8
2023-01-01 08:30:00+02:00,0.0,0.0,0.0,60.8
2023-01-01 08:45:00+02:00,0.0,0.0,0.0,60.8
2023-01-01 09:00:00+02:00,0.0,0.0,0.0,60.8
2023-01-01 09:15:00+02:00,0.0,0.0,0.0,60.8
2023-01-01 09:30:00+02:00,0.0,0.0,0.0,60.8
2023-01-01 09:45:00+02:00,0.0,0.0,0.0,60.8
2023-01-01 10:00:00+02:00,0.0,0.0,0.0,60.8
2023-01-01 10:15:00+02:00,0.0,0.0,0.0,60.8
2023-01-01 10:30:00+02:00,0.0,0.0,0.0,60.8
2023-01-01 10:45:00+02:00,0.0,0.0,0.0,60.8
2023-01-01 11:00:00+02:00,0.0,0.0,0.0,60.8
2023-01-01 11:15:00+02:00,0.0,0.0,0.0,60.8
2023-01-01 11:30:00+02:00,0.0,0.0,0.0,60.8
2023-01-01 11:45:00+02:00,0.0,0.0,0.0,60.8
2023-01-01 12:00:00+02:00,0.0,0.0,0.0,60.8
2023-01-01 12:15:00+02:00,0.0,0.0,0.0,60.8
2023-01-01 12:30:00+02:00,0.0,0.0,0.0,60.8
2023-01-01 12:45:00+02:00,0.0,0.0,0.0,60.8
2023-01-01 13:00:00+02:00,0.0,0.0,0.0,60.8
2023-01-01 13:15:00+02:00,0.0,0.0,0.0,60.8
2023-01-01 13:30:00+02:00,0.0,0.0,0.0,60.8
2023-01-01 13:45:00+02:00,0.0,0.0,0.0,60.8
2023-01-01 14:00:00+02:00,0.0,0.0,0.0,60.8
2023-01-01 14:15:00+02:00,0.0,0.0,0.0,60.8
2023-01-01 14:30:00+02:00,0.0,0.0,0.0,60.8
2023-01-01 14:45:00+02:00,0.0,0.0,0.0,60.8
2023-01-01 15:00:00+02:00,0.0,0.0,0.0,60.8
2023-01-01 15:15:00+02:00,0.0,0.0,0.0,60.8
2023-01-01 15:30:00+02:00,0.0,0.0,0.0,60.8
2023-01-01 15:45:00+02:00,0.0,0.0,0.0,60.8
2023-01-01 16:00:00+02:00,0.0,0.0,0.0,60.8
2023-01-01 16:15:00+02:00,0.0,0.0,0.0,60.8
2023-01-01 16:30:00+02:00,0.0,0.0,0.0,60.8
2023-01-01 16:45:00+02:00,0.0,0.0,0.0,60.8
2023-01-01 17:00:00+02:00,0.0,0.0,0.0,60.8
2023-01-01 17:15:00+02:00,0.0,0.0,0.0,60.8
2023-01-01 17:30:00+02:00,0.0,0.0,0.0,60.8
2023-01-01 17:45:00+02:00,0.0,0.0,0.0,60.8
2023-01-01 18:00:00+02:00,0.0,0.0,0.0,60.8
2023-01-01 18:15:00+02:00,0.0,0.0,0.0,60.8
2023-01-01 18:30:00+02:00,0.0,0.0,0.0,60.8
2023-01-01 18:45:00+02:00,0.0,0.0,0.0,60.8
2023-01-01 19:00:00+02:00,0.0,0.0,0.0,60.8
2023-01-01 19:15:00+02:00,0.0,0.0,0.0,60.8
2023-01-01 19:30:00+02:00,0.0,0.0,0.0,60.8
2023-01-01 19:45:00+02:00,0.0,0.0,0.0,60.8
2023-01-01 20:00:00+02:00,0.0,0.0,0.0,60.8
2023-01-01 20:15:00+02:00,0.0,0.0,0.0,60.8
2023-01-01 20:30:00+02:00,0.0,0.0,0.0,60.8
2023-01-01 20:45:00+02:00,0.0,0.0,0.0,60.8
2023-01-01 21:00:00+02:00,0.0,0.0,0.0,60.8
2023-01-01 21:15:00+02:00,0.0,0.0,0.0,60.8
2023-01-01 21:30:00+02:00,0.0,0.0,0.0,60.8
2023-01-01 21:45:00+02:00,0.0,0.0,0.0,60.8
2023-01-01 22:00:00+02:00,0.0,0.0,0.0,60.8
2023-01-01 22:15:00+02:00,0.0,0.0,0.0,60.8
2023-01-01 22:30:00+02:00,0.0,0.0,0.0,60.8
2023-01-01 22:45:00+02:00,0.0,0.0,0.0,60.8
2023-01-01 23:00:00+02:00,0.0,0.0,0.0,60.8
2023-01-01 23:15:00+02:00,0.0,0.0,0.0,60.8
2023-01-01 23:30:00+02:00,0.0,0.0,0.0,60.8
2023-01-01 23:45:00+02:00,0.0,0.0,0.0,60.8
2023-01-02 00:00:00+02:00,0.0,0.0,0.0,60.8
2023-01-02 00:15:00+02:00,0.0,0.0,0.0,60.8
2023-01-02 00:30:00+02:00,0.0,0.0,0.0,60.8
2023-01-02 00:45:00+02:00,0.0,0.0,0.0,60.8
2023-01-02 01:00:00+02:00,0.0,0.0,0.0,60.8
2023-01-02 01:15:00+02:00,0.0,0.0,0.0,60.8
2023-01-02 01:30:00+02:00,0.0,0.0,0.0,60.8
2023-01-02 01:45:00+02:00,0.0,0.0,0.0,60.8
2023-01-02 02:00:00+02:00,0.0,0.0,0.0,60.8
2023-01-02 02:15:00+02:00,0.0,0.0,0.0,60.8
2023-01-02 02:30:00+02:00,0.0,0.0,0.0,60.8
2023-01-02 02:45:00+02:00,0.0,0.0,0.0,60.8
2023-01-02 03:00:00+02:00,0.0,0.0,0.0,60.8
2023-01-02 03:15:00+02:00,0.0,0.0,0.0,60.8
2023-01-02 03:30:00+02:00,0.0,0.0,0.0,60.8
2023-01-02 03:45:00+02:00,0.0,0.0,0.0,60.8
2023-01-02 04:00:00+02:00,0.0,0.0,0.0,60.8
2023-01-02 04:15:00+02:00,0.0,0.0,0.0,60.8
2023-01-02 04:30:00+02:00,0.0,0.0,0.0,60.8
2023-01-02 04:45:00+02:00,0.0,0.0,0.0,60.8
2023-01-02 05:00:00+02:00,0.0,0.0,0.0,60.8
2023-01-02 05:15:00+02:00,0.0,0.0,0.0,60.8
2023-01-02 05:30:00+02:00,0.0,0.0,0.0,60.8
2023-01-02 05:45:00+02:00,0.0,0.0,0.0,60.8
2023-01-02 06:00:00+02:00,0.0,0.0,0.0,60.8
2023-01-02 06:15:00+02:00,0.0,0.0,0.0,60.8
2023-01-02 06:30:00+02:00,0.0,0.0,0.0,60.8
2023-01-02 06:45:00+02:00,0.0,0.0,0.0,60.8
2023-01-02 07:00:00+02:00,0.0,0.0,0.0,60.8
2023-01-02 07:15:00+02:00,0.0,0.0,0.0,60.8
2023-01-02 07:30:00+02:00,0.0,0.0,0.0,60.8
2023-01-02 07:45:00+02:00,0.0,0.0,0.0,60.8
2023-01-02 08:00:00+02:00,0.0,0.0,0.0,60.8
2023-01-02 08:15:00+02:00,0.0,0.0,0.0,60.8
2023-01-02 08:30:00+02:00,0.0,0.0,0.0,60.8
2023-01-02 08:45:00+02:00,0.0,0.0,0.0,60.8
2023-01-02 09:00:00+02:00,0.0,0.0,0.0,60.8
2023-01-02 09:15:00+02:00,0.0,0.0,0.0,60.8
2023-01-02 09:30:00+02:00,0.0,0.0,0.0,60.8
2023-01-02 09:45:00+02:00,0.0,0.0,0.0,60.8
2023-01-02 10:00:00+02:00,0.0,0.0,0.0,60.8
2023-01-02 10:15:00+02:00,0.0,0.0,0.0,60.8
2023-01-02 10:30:00+02:00,0.0,0.0,0.0,60.8
2023-01-02 10:45:00+02:00,0.0,0.0,0.0,60.8
2023-01-02 11:00:00+02:00,0.0,0.0,0.0,60.8
2023-01-02 11:15:00+02:00,0.0,0.0,0.0,60.8
2023-01-02 11:30:00+02:00,0.0,0.0,0.0,60.8
2023-01-02 11:45:00+02:00,0.0,0.0,0.0,60.8
2023-01-02 12:00:00+02:00,0.0,0.0,0.0,60.8
2023-01-02 12:15:00+02:00,0.0,0.0,0.0,60.8
2023-01-02 12:30:00+02:00,0.0,0.0,0.0,60.8
2023-01-02 12:45:00+02:00,0.0,0.0,0.0,60.8
2023-01-02 13:00:00+02:00,0.0,0.0,0.0,60.8
2023-01-02 13:15:00+02:00,0.0,0.0,0.0,60.8
2023-01-02 13:30:00+02:00,0.0,0.0,0.0,60.8
2023-01-02 13:45:00+02:00,0.0,0.0,0.0,60.8
2023-01-02 14:00:00+02:00,0.0,0.0,0.0,60.8
2023-01-02 14:15:00+02:00,0.0,0.0,0.0,60.8
2023-01-02 14:30:00+02:00,0.0,0.0,0.0,60.8
2023-01-02 14:45:00+02:00,0.0,0.0,0.0,60.8
2023-01-02 15:00:00+02:00,0.0,0.0,0.0,41.698703
2023-01-02 15:15:00+02:00,0.0,0.0,0.0,41.698703
2023-01-02 15:30:00+02:00,0.0,0.0,0.0,41.698703
2023-01-02 15:45:00+02:00,0.0,0.0,0.0,41.698703
2023-01-02 16:00:00+02:00,0.0,0.0,0.0,41.698703
2023-01-02 16:15:00+02:00,0.0,0.0,0.0,41.698703
2023-01-02 16:30:00+02:00,0.0,0.0,0.0,41.698703
2023-01-02 16:45:00+02:00,0.0,0.0,0.0,41.698703
2023-01-02 17:00:00+02:00,0.0,0.0,0.0,41.698703
2023-01-02 17:15:00+02:00,0.0,0.0,0.0,41.698703
2023-01-02 17:30:00+02:00,0.0,0.0,0.0,41.698703
2023-01-02 17:45:00+02:00,0.0,0.0,0.0,41.698703
2023-01-02 18:00:00+02:00,0.0,0.0,0.0,41.698703
2023-01-02 18:15:00+02:00,0.0,0.0,0.0,41.698703
2023-01-02 18:30:00+02:00,0.0,0.0,0.0,41.698703
2023-01-02 18:45:00+02:00,0.0,0.0,0.0,41.698703
2023-01-02 19:00:00+02:00,0.0,0.0,0.0,41.698703
2023-01-02 19:15:00+02:00,0.0,0.0,0.0,41.698703
2023-01-02 19:30:00+02:00,0.0,0.0,0.0,41.698703
2023-01-02 19:45:00+02:00,0.0,0.0,0.0,41.698703
2023-01-02 20:00:00+02:00,0.0,0.0,0.0,41.698703
2023-01-02 20:15:00+02:00,0.0,0.0,0.0,41.698703
2023-01-02 20:30:00+02:00,0.0,0.0,0.0,41.698703
2023-01-02 20:45:00+02:00,0.0,0.0,0.0,41.698703
2023-01-02 21:00:00+02:00,0.0,0.0,0.0,41.698703
2023-01-02 21:15:00+02:00,0.0,0.0,0.0,41.698703
2023-01-02 21:30:00+02:00,0.0,0.0,0.0,41.698703
2023-01-02 21:45:00+02:00,0.0,0.0,0.0,41.698703
2023-01-02 22:00:00+02:00,0.0,0.0,0.0,41.698703
2023-01-02 22:15:00+02:00,0.0,0.0,0.0,41.698703
2023-01-02 22:30:00+02:00,0.0,0.0,0.0,41.698703
2023-01-02 22:45:00+02:00,0.0,0.0,0.0,41.698703
2023-01-02 23:00:00+02:00,0.0,0.0,0.0,41.698703
2023-01-02 23:15:00+02:00,0.0,0.0,0.0,41.698703
2023-01-02 23:30:00+02:00,0.0,0.0,0.0,41.698703
2023-01-02 23:45:00+02:00,0.0,0.0,0.0,41.698703
2023-01-03 00:00:00+02:00,0.0,0.0,0.0,41.698703
2023-01-03 00:15:00+02:00,0.0,0.0,0.0,41.698703
2023-01-03 00:30:00+02:00,0.0,0.0,0.0,41.698703
2023-01-03 00:45:00+02:00,0.0,0.0,0.0,41.698703
2023-01-03 01:00:00+02:00,0.0,0.0,0.0,41.698703
2023-01-03 01:15:00+02:00,0.0,0.0,0.0,41.698703
2023-01-03 01:30:00+02:00,0.0,0.0,0.0,41.698703
2023-01-03 01:45:00+02:00,0.0,0.0,0.0,41.698703
2023-01-03 02:00:00+02:00,0.0,0.0,0.0,41.698703
2023-01-03 02:15:00+02:00,0.0,0.0,0.0,41.698703
2023-01-03 02:30:00+02:00,0.0,0.0,0.0,41.698703
2023-01-03 02:45:00+02:00,0.0,0.0,0.0,41.698703
2023-01-03 03:00:00+02:00,0.0,0.0,0.0,41.698703
2023-01-03 03:15:00+02:00,0.0,0.0,0.0,41.698703
2023-01-03 03:30:00+02:00,0.0,0.0,0.0,41.698703
2023-01-03 03:45:00+02:00,0.0,0.0,0.0,41.698703
2023-01-03 04:00:00+02:00,0.0,0.0,0.0,41.698703
2023-01-03 04:15:00+02:00,0.0,0.0,0.0,41.698703
2023-01-03 04:30:00+02:00,0.0,0.0,0.0,41.698703
2023-01-03 04:45:00+02:00,0.0,0.0,0.0,41.698703
2023-01-03 05:00:00+02:00,0.0,0.0,0.0,41.698703
2023-01-03 05:15:00+02:00,0.0,0.0,0.0,41.698703
2023-01-03 05:30:00+02:00,0.0,0.0,0.0,41.698703
2023-01-03 05:45:00+02:00,0.0,0.0,0.0,41.698703
2023-01-03 06:00:00+02:00,0.0,0.0,0.0,41.698703
2023-01-03 06:15:00+02:00,0.0,0.0,0.0,41.698703
2023-01-03 06:30:00+02:00,0.0,0.0,0.0,41.698703
2023-01-03 06:45:00+02:00,0.0,0.0,0.0,41.698703
2023-01-03 07:00:00+02:00,0.0,0.0,0.0,41.698703
2023-01-03 07:15:00+02:00,0.0,0.0,0.0,41.698703
2023-01-03 07:30:00+02:00,0.0,0.0,0.0,41.698703
2023-01-03 07:45:00+02:00,0.0,0.0,0.0,41.698703
2023-01-03 08:00:00+02:00,0.0,0.0,0.0,41.698703
2023-01-03 08:15:00+02:00,0.0,0.0,0.0,41.698703
2023-01-03 08:30:00+02:00,0.0,0.0,0.0,41.698703
2023-01-03 08:45:00+02:00,0.0,0.0,0.0,41.698703
2023-01-03 09:00:00+02:00,0.0,0.0,0.0,41.698703
2023-01-03 09:15:00+02:00,0.0,0.0,0.0,41.698703
2023-01-03 09:30:00+02:00,0.0,0.0,0.0,41.698703
2023-01-03 09:45:00+02:00,0.0,0.0,0.0,41.698703
2023-01-03 10:00:00+02:00,0.0,0.0,0.0,41.698703
2023-01-03 10:15:00+02:00,0.0,0.0,0.0,41.698703
2023-01-03 10:30:00+02:00,0.0,0.0,0.0,41.698703
2023-01-03 10:45:00+02:00,0.0,0.0,0.0,41.698703
2023-01-03 11:00:00+02:00,0.0,0.0,0.0,41.698703
2023-01-03 11:15:00+02:00,0.0,0.0,0.0,41.698703
2023-01-03 11:30:00+02:00,0.0,0.0,0.0,41.698703
2023-01-03 11:45:00+02:00,0.0,0.0,0.0,41.698703
2023-01-03 12:00:00+02:00,0.0,0.0,0.0,41.698703
2023-01-03 12:15:00+02:00,0.0,0.0,0.0,41.698703
2023-01-03 12:30:00+02:00,0.0,0.0,0.0,41.698703
2023-01-03 12:45:00+02:00,0.0,0.0,0.0,41.698703
2023-01-03 13:00:00+02:00,0.0,0.0,0.0,41.698703
2023-01-03 13:15:00+02:00,0.0,0.0,0.0,41.698703
2023-01-03 13:30:00+02:00,0.0,0.0,0.0,41.698703
2023-01-03 13:45:00+02:00,0.0,0.0,0.0,41.698703
2023-01-03 14:00:00+02:00,0.0,0.0,0.0,41.698703
2023-01-03 14:15:00+02:00,0.0,0.0,0.0,41.698703
2023-01-03 14:30:00+02:00,0.0,0.0,0.0,41.698703
2023-01-03 14:45:00+02:00,0.0,0.0,0.0,41.698703
2023-01-03 15:00:00+02:00,0.0,0.0,0.0,41.698703
2023-01-03 15:15:00+02:00,0.0,0.0,0.0,41.698703
2023-01-03 15:30:00+02:00,0.0,0.0,0.0,41.698703
2023-01-03 15:45:00+02:00,0.0,0.0,0.0,41.698703
2023-01-03 16:00:00+02:00,0.0,0.0,0.0,41.698703
2023-01-03 16:15:00+02:00,0.0,0.0,0.0,41.698703
2023-01-03 16:30:00+02:00,0.0,0.0,0.0,41.698703
2023-01-03 16:45:00+02:00,0.0,0.0,0.0,41.698703
2023-01-03 17:00:00+02:00,0.0,0.0,0.0,41.698703
2023-01-03 17:15:00+02:00,0.0,0.0,0.0,41.698703
2023-01-03 17:30:00+02:00,11.340206,0.0,11.340206,30.118255
2023-01-03 17:45:00+02:00,0.0,0.0,0.0,32.868255
2023-01-03 18:00:00+02:00,0.0,0.0,0.0,32.868255
2023-01-03 18:15:00+02:00,11.340206,0.0,11.340206,32.868255
2023-01-03 18:30:00+02:00,0.0,0.0,0.0,35.618255
2023-01-03 18:45:00+02:00,0.0,0.0,0.0,35.618255
2023-01-03 19:00:00+02:00,11.340206,0.0,11.340206,35.618255
2023-01-03 19:15:00+02:00,0.0,0.0,0.0,38.368255
2023-01-03 19:30:00+02:00,0.0,0.0,0.0,38.368255
2023-01-03 19:45:00+02:00,0.0,0.0,0.0,38.368255
2023-01-03 20:00:00+02:00,0.0,0.0,0.0,38.368255
2023-01-03 20:15:00+02:00,0.0,0.0,0.0,38.368255
2023-01-03 20:30:00+02:00,11.340206,0.0,11.340206,38.368255
2023-01-03 20:45:00+02:00,0.0,0.0,0.0,41.118255
2023-01-03 21:00:00+02:00,11.340206,0.0,11.340206,41.118255
2023-01-03 21:15:00+02:00,11.340206,0.0,11.340206,43.868255
2023-01-03 21:30:00+02:00,11.340206,0.0,11.340206,46.618255
2023-01-03 21:45:00+02:00,0.0,0.0,0.0,49.368255
2023-01-03 22:00:00+02:00,3.223689,0.0,3.223689,49.368255
2023-01-03 22:15:00+02:00,0.0,0.0,0.0,50.15
2023-01-03 22:30:00+02:00,0.0,0.0,0.0,50.15
2023-01-03 22:45:00+02:00,0.0,0.0,0.0,50.15
2023-01-03 23:00:00+02:00,0.0,0.0,0.0,50.15
2023-01-03 23:15:00+02:00,0.0,0.0,0.0,50.15
2023-01-03 23:30:00+02:00,0.0,0.0,0.0,50.15
2023-01-03 23:45:00+02:00,0.0,0.0,0.0,50.15
2023-01-04 00:00:00+02:00,0.0,0.0,0.0,50.15
2023-01-04 00:15:00+02:00,0.0,0.0,0.0,50.15
2023-01-04 00:30:00+02:00,0.0,0.0,0.0,50.15
2023-01-04 00:45:00+02:00,0.0,0.0,0.0,50.15
2023-01-04 01:00:00+02:00,0.0,0.0,0.0,50.15
2023-01-04 01:15:00+02:00,0.0,0.0,0.0,50.15
2023-01-04 01:30:00+02:00,0.0,0.0,0.0,50.15
2023-01-04 01:45:00+02:00,0.0,0.0,0.0,50.15
2023-01-04 02:00:00+02:00,0.0,0.0,0.0,50.15
2023-01-04 02:15:00+02:00,0.0,0.0,0.0,50.15
2023-01-04 02:30:00+02:00,0.0,0.0,0.0,50.15
2023-01-04 02:45:00+02:00,0.0,0.0,0.0,50.15
2023-01-04 03:00:00+02:00,0.0,0.0,0.0,50.15
2023-01-04 03:15:00+02:00,0.0,0.0,0.0,50.15
2023-01-04 03:30:00+02:00,0.0,0.0,0.0,50.15
2023-01-04 03:45:00+02:00,0.0,0.0,0.0,50.15
2023-01-04 04:00:00+02:00,0.0,0.0,0.0,50.15
2023-01-04 04:15:00+02:00,0.0,0.0,0.0,50.15
2023-01-04 04:30:00+02:00,0.0,0.0,0.0,50.15
2023-01-04 04:45:00+02:00,0.0,0.0,0.0,50.15
2023-01-04 05:00:00+02:00,0.0,0.0,0.0,50.15
2023-01-04 05:15:00+02:00,0.0,0.0,0.0,50.15
2023-01-04 05:30:00+02:00,0.0,0.0,0.0,50.15
2023-01-04 05:45:00+02:00,0.0,0.0,0.0,50.15
2023-01-04 06:00:00+02:00,0.0,0.0,0.0,50.15
2023-01-04 06:15:00+02:00,0.0,0.0,0.0,50.15
2023-01-04 06:30:00+02:00,0.0,0.0,0.0,50.15
2023-01-04 06:45:00+02:00,0.0,0.0,0.0,50.15
2023-01-04 07:00:00+02:00,0.0,0.0,0.0,50.15
2023-01-04 07:15:00+02:00,0.0,0.0,0.0,50.15
2023-01-04 07:30:00+02:00,0.0,0.0,0.0,50.15
2023-01-04 07:45:00+02:00,0.0,0.0,0.0,50.15
2023-01-04 08:00:00+02:00,0.0,0.0,0.0,50.15
2023-01-04 08:15:00+02:00,0.0,0.0,0.0,50.15
2023-01-04 08:30:00+02:00,0.0,0.0,0.0,50.15
2023-01-04 08:45:00+02:00,0.0,0.0,0.0,50.15
2023-01-04 09:00:00+02:00,0.0,0.0,0.0,50.15
2023-01-04 09:15:00+02:00,0.0,0.0,0.0,50.15
2023-01-04 09:30:00+02:00,0.0,0.0,0.0,50.15
2023-01-04 09:45:00+02:00,0.0,0.0,0.0,50.15
2023-01-04 10:00:00+02:00,0.0,0.0,0.0,50.15
2023-01-04 10:15:00+02:00,0.0,0.0,0.0,50.15
2023-01-04 10:30:00+02:00,0.0,0.0,0.0,50.15
2023-01-04 10:45:00+02:00,0.0,0.0,0.0,50.15
2023-01-04 11:00:00+02:00,0.0,0.0,0.0,50.15
2023-01-04 11:15:00+02:00,0.0,0.0,0.0,50.15
2023-01-04 11:30:00+02:00,0.0,0.0,0.0,50.15
2023-01-04 11:45:00+02:00,0.0,0.0,0.0,50.15
2023-01-04 12:00:00+02:00,0.0,0.0,0.0,50.15
2023-01-04 12:15:00+02:00,0.0,0.0,0.0,50.15
2023-01-04 12:30:00+02:00,0.0,0.0,0.0,50.15
2023-01-04 12:45:00+02:00,0.0,0.0,0.0,50.15
2023-01-04 13:00:00+02:00,0.0,0.0,0.0,50.15
2023-01-04 13:15:00+02:00,0.0,0.0,0.0,50.15
2023-01-04 13:30:00+02:00,0.0,0.0,0.0,50.15
2023-01-04 13:45:00+02:00,0.0,0.0,0.0,50.15
2023-01-04 14:00:00+02:00,0.0,0.0,0.0,50.15
2023-01-04 14:15:00+02:00,0.0,0.0,0.0,50.15
2023-01-04 14:30:00+02:00,0.0,0.0,0.0,50.15
2023-01-04 14:45:00+02:00,0.0,0.0,0.0,50.15
2023-01-04 15:00:00+02:00,0.0,0.0,0.0,50.15
2023-01-04 15:15:00+02:00,0.0,0.0,0.0,50.15
2023-01-04 15:30:00+02:00,0.0,0.0,0.0,50.15
2023-01-04 15:45:00+02:00,0.0,0.0,0.0,50.15
2023-01-04 16:00:00+02:00,0.0,0.0,0.0,50.15
2023-01-04 16:15:00+02:00,0.0,0.0,0.0,50.15
2023-01-04 16:30:00+02:00,0.0,0.0,0.0,39.258
2023-01-04 16:45:00+02:00,0.0,0.0,0.0,39.258
2023-01-04 17:00:00+02:00,0.0,0.0,0.0,39.258
2023-01-04 17:15:00+02:00,0.0,0.0,0.0,39.258
2023-01-04 17:30:00+02:00,0.0,0.0,0.0,39.258
2023-01-04 17:45:00+02:00,0.0,0.0,0.0,39.258
2023-01-04 18:00:00+02:00,11.340206,0.0,11.340206,39.258
2023-01-04 18:15:00+02:00,0.0,0.0,0.0,42.008
2023-01-04 18:30:00+02:00,0.0,0.0,0.0,42.008
2023-01-04 18:45:00+02:00,0.0,0.0,0.0,42.008
2023-01-04 19:00:00+02:00,0.0,0.0,0.0,42.008
2023-01-04 19:15:00+02:00,0.0,0.0,0.0,42.008
2023-01-04 19:30:00+02:00,0.0,0.0,0.0,42.008
2023-01-04 19:45:00+02:00,0.0,0.0,0.0,42.008
2023-01-04 20:00:00+02:00,0.0,0.0,0.0,42.008
2023-01-04 20:15:00+02:00,0.0,0.0,0.0,42.008
2023-01-04 20:30:00+02:00,0.0,0.0,0.0,42.008
2023-01-04 20:45:00+02:00,0.0,0.0,0.0,42.008
2023-01-04 21:00:00+02:00,0.0,0.0,0.0,42.008
2023-01-04 21:15:00+02:00,0.0,0.0,0.0,42.008
2023-01-04 21:30:00+02:00,0.0,0.0,0.0,42.008
2023-01-04 21:45:00+02:00,0.0,0.0,0.0,42.008
2023-01-04 22:00:00+02:00,0.0,0.0,0.0,42.008
2023-01-04 22:15:00+02:00,0.0,0.0,0.0,42.008
2023-01-04 22:30:00+02:00,0.0,0.0,0.0,42.008
2023-01-04 22:45:00+02:00,0.0,0.0,0.0,42.008
2023-01-04 23:00:00+02:00,0.0,0.0,0.0,42.008
2023-01-04 23:15:00+02:00,0.0,0.0,0.0,42.008
2023-01-04 23:30:00+02:00,0.0,0.0,0.0,42.008
2023-01-04 23:45:00+02:00,0.0,0.0,0.0,42.008
2023-01-05 00:00:00+02:00,0.0,0.0,0.0,42.008
2023-01-05 00:15:00+02:00,0.0,0.0,0.0,42.008
2023-01-05 00:30:00+02:00,0.0,0.0,0.0,42.008
2023-01-05 00:45:00+02:00,0.0,0.0,0.0,42.008
2023-01-05 01:00:00+02:00,0.0,0.0,0.0,42.008
2023-01-05 01:15:00+02:00,0.0,0.0,0.0,42.008
2023-01-05 01:30:00+02:00,0.0,0.0,0.0,42.008
2023-01-05 01:45:00+02:00,0.0,0.0,0.0,42.008
2023-01-05 02:00:00+02:00,0.0,0.0,0.0,42.008
2023-01-05 02:15:00+02:00,0.0,0.0,0.0,42.008
2023-01-05 02:30:00+02:00,0.0,0.0,0.0,42.008
2023-01-05 02:45:00+02:00,0.0,0.0,0.0,42.008
2023-01-05 03:00:00+02:00,0.0,0.0,0.0,42.008
2023-01-05 03:15:00+02:00,0.0,0.0,0.0,42.008
2023-01-05 03:30:00+02:00,0.0,0.0,0.0,42.008
2023-01-05 03:45:00+02:00,0.0,0.0,0.0,42.008
2023-01-05 04:00:00+02:00,0.0,0.0,0.0,42.008
2023-01-05 04:15:00+02:00,0.0,0.0,0.0,42.008
2023-01-05 04:30:00+02:00,0.0,0.0,0.0,42.008
2023-01-05 04:45:00+02:00,0.0,0.0,0.0,42.008
2023-01-05 05:00:00+02:00,0.0,0.0,0.0,42.008
2023-01-05 05:15:00+02:00,0.0,0.0,0.0,42.008
2023-01-05 05:30:00+02:00,0.0,0.0,0.0,42.008
2023-01-05 05:45:00+02:00,0.0,0.0,0.0,42.008
2023-01-05 06:00:00+02:00,0.0,0.0,0.0,42.008
2023-01-05 06:15:00+02:00,0.0,0.0,0.0,42.008
2023-01-05 06:30:00+02:00,0.0,0.0,0.0,42.008
2023-01-05 06:45:00+02:00,0.0,0.0,0.0,42.008
2023-01-05 07:00:00+02:00,0.0,0.0,0.0,42.008
2023-01-05 07:15:00+02:00,0.0,0.0,0.0,42.008
2023-01-05 07:30:00+02:00,0.0,0.0,0.0,42.008
2023-01-05 07:45:00+02:00,0.0,0.0,0.0,42.008
2023-01-05 08:00:00+02:00,0.0,0.0,0.0,42.008
2023-01-05 08:15:00+02:00,0.0,0.0,0.0,42.008
2023-01-05 08:30:00+02:00,0.0,0.0,0.0,42.008
2023-01-05 08:45:00+02:00,0.0,0.0,0.0,42.008
2023-01-05 09:00:00+02:00,0.0,0.0,0.0,42.008
2023-01-05 09:15:00+02:00,0.0,0.0,0.0,42.008
2023-01-05 09:30:00+02:00,0.0,0.0,0.0,42.008
2023-01-05 09:45:00+02:00,0.0,0.0,0.0,42.008
2023-01-05 10:00:00+02:00,0.0,0.0,0.0,42.008
2023-01-05 10:15:00+02:00,0.0,0.0,0.0,42.008
2023-01-05 10:30:00+02:00,0.0,0.0,0.0,42.008
2023-01-05 10:45:00+02:00,0.0,0.0,0.0,42.008
2023-01-05 11:00:00+02:00,0.0,0.0,0.0,42.008
2023-01-05 11:15:00+02:00,0.0,0.0,0.0,42.008
2023-01-05 11:30:00+02:00,0.0,0.0,0.0,42.008
2023-01-05 11:45:00+02:00,0.0,0.0,0.0,42.008
2023-01-05 12:00:00+02:00,0.0,0.0,0.0,42.008
2023-01-05 12:15:00+02:00,0.0,0.0,0.0,42.008
2023-01-05 12:30:00+02:00,0.0,0.0,0.0,42.008
2023-01-05 12:45:00+02:00,0.0,0.0,0.0,42.008
2023-01-05 13:00:00+02:00,0.0,0.0,0.0,42.008
2023-01-05 13:15:00+02:00,0.0,0.0,0.0,42.008
2023-01-05 13:30:00+02:00,0.0,0.0,0.0,42.008
2023-01-05 13:45:00+02:00,0.0,0.0,0.0,42.008
2023-01-05 14:00:00+02:00,0.0,0.0,0.0,42.008
2023-01-05 14:15:00+02:00,0.0,0.0,0.0,42.008
2023-01-05 14:30:00+02:00,0.0,0.0,0.0,42.008
2023-01-05 14:45:00+02:00,0.0,0.0,0.0,42.008
2023-01-05 15:00:00+02:00,0.0,0.0,0.0,42.008
2023-01-05 15:15:00+02:00,0.0,0.0,0.0,42.008
2023-01-05 15:30:00+02:00,0.0,0.0,0.0,42.008
2023-01-05 15:45:00+02:00,0.0,0.0,0.0,42.008
2023-01-05 16:00:00+02:00,0.0,0.0,0.0,42.008
2023-01-05 16:15:00+02:00,0.0,0.0,0.0,42.008
2023-01-05 16:30:00+02:00,11.340206,0.0,11.340206,15.2
2023-01-05 16:45:00+02:00,11.340206,0.0,11.340206,17.95
2023-01-05 17:00:00+02:00,11.340206,0.0,11.340206,20.7
2023-01-05 17:15:00+02:00,0.0,0.0,0.0,23.45
2023-01-05 17:30:00+02:00,11.340206,0.0,11.340206,23.45
2023-01-05 17:45:00+02:00,11.340206,0.0,11.340206,26.2
2023-01-05 18:00:00+02:00,11.340206,0.0,11.340206,28.95
2023-01-05 18:15:00+02:00,0.0,0.0,0.0,31.7
2023-01-05 18:30:00+02:00,0.0,0.0,0.0,31.7
2023-01-05 18:45:00+02:00,0.0,0.0,0.0,31.7
2023-01-05 19:00:00+02:00,9.8612013,0.0,9.8612013,31.7
2023-01-05 19:15:00+02:00,11.340206,0.0,11.340206,34.091341
2023-01-05 19:30:00+02:00,0.0,0.0,0.0,36.841341
2023-01-05 19:45:00+02:00,0.0,0.0,0.0,36.841341
2023-01-05 20:00:00+02:00,0.0,0.0,0.0,36.841341
2023-01-05 20:15:00+02:00,11.340206,0.0,11.340206,36.841341
2023-01-05 20:30:00+02:00,0.0,0.0,0.0,39.591341
2023-01-05 20:45:00+02:00,0.0,0.0,0.0,39.591341
2023-01-05 21:00:00+02:00,0.0,0.0,0.0,39.591341
2023-01-05 21:15:00+02:00,0.0,0.0,0.0,39.591341
2023-01-05 21:30:00+02:00,0.0,0.0,0.0,39.591341
2023-01-05 21:45:00+02:00,0.0,0.0,0.0,39.591341
2023-01-05 22:00:00+02:00,0.0,0.0,0.0,39.591341
2023-01-05 22:15:00+02:00,0.0,0.0,0.0,39.591341
2023-01-05 22:30:00+02:00,0.0,0.0,0.0,39.591341
2023-01-05 22:45:00+02:00,0.0,0.0,0.0,39.591341
2023-01-05 23:00:00+02:00,0.0,0.0,0.0,39.591341
2023-01-05 23:15:00+02:00,0.0,0.0,0.0,39.591341
2023-01-05 23:30:00+02:00,0.0,0.0,0.0,39.591341
2023-01-05 23:45:00+02:00,0.0,0.0,0.0,39.591341
2023-01-06 00:00:00+02:00,0.0,0.0,0.0,39.591341
2023-01-06 00:15:00+02:00,0.0,0.0,0.0,39.591341
2023-01-06 00:30:00+02:00,0.0,0.0,0.0,39.591341
2023-01-06 00:45:00+02:00,0.0,0.0,0.0,39.591341
2023-01-06 01:00:00+02:00,0.0,0.0,0.0,39.591341
2023-01-06 01:15:00+02:00,0.0,0.0,0.0,39.591341
2023-01-06 01:30:00+02:00,0.0,0.0,0.0,39.591341
2023-01-06 01:45:00+02:00,0.0,0.0,0.0,39.591341
2023-01-06 02:00:00+02:00,0.0,0.0,0.0,39.591341
2023-01-06 02:15:00+02:00,0.0,0.0,0.0,39.591341
2023-01-06 02:30:00+02:00,0.0,0.0,0.0,39.591341
2023-01-06 02:45:00+02:00,0.0,0.0,0.0,39.591341
2023-01-06 03:00:00+02:00,0.0,0.0,0.0,39.591341
2023-01-06 03:15:00+02:00,0.0,0.0,0.0,39.591341
2023-01-06 03:30:00+02:00,0.0,0.0,0.0,39.591341
2023-01-06 03:45:00+02:00,0.0,0.0,0.0,39.591341
2023-01-06 04:00:00+02:00,0.0,0.0,0.0,39.591341
2023-01-06 04:15:00+02:00,0.0,0.0,0.0,39.591341
2023-01-06 04:30:00+02:00,0.0,0.0,0.0,39.591341
2023-01-06 04:45:00+02:00,0.0,0.0,0.0,39.591341
2023-01-06 05:00:00+02:00,0.0,0.0,0.0,39.591341
2023-01-06 05:15:00+02:00,0.0,0.0,0.0,39.591341
2023-01-06 05:30:00+02:00,0.0,0.0,0.0,39.591341
2023-01-06 05:45:00+02:00,0.0,0.0,0.0,39.591341
2023-01-06 06:00:00+02:00,0.0,0.0,0.0,39.591341
2023-01-06 06:15:00+02:00,0.0,0.0,0.0,39.591341
2023-01-06 06:30:00+02:00,0.0,0.0,0.0,39.591341
2023-01-06 06:45:00+02:00,0.0,0.0,0.0,39.591341
2023-01-06 07:00:00+02:00,0.0,0.0,0.0,39.591341
2023-01-06 07:15:00+02:00,0.0,0.0,0.0,39.591341
2023-01-06 07:30:00+02:00,0.0,0.0,0.0,39.591341
2023-01-06 07:45:00+02:00,0.0,0.0,0.0,39.591341
2023-01-06 08:00:00+02:00,0.0,0.0,0.0,39.591341
2023-01-06 08:15:00+02:00,0.0,0.0,0.0,39.591341
2023-01-06 08:30:00+02:00,0.0,0.0,0.0,39.591341
2023-01-06 08:45:00+02:00,0.0,0.0,0.0,39.591341
2023-01-06 09:00:00+02:00,0.0,0.0,0.0,39.591341
2023-01-06 09:15:00+02:00,0.0,0.0,0.0,39.591341
2023-01-06 09:30:00+02:00,0.0,0.0,0.0,39.591341
2023-01-06 09:45:00+02:00,0.0,0.0,0.0,39.591341
2023-01-06 10:00:00+02:00,0.0,0.0,0.0,39.591341
2023-01-06 10:15:00+02:00,0.0,0.0,0.0,39.591341
2023-01-06 10:30:00+02:00,0.0,0.0,0.0,39.591341
2023-01-06 10:45:00+02:00,0.0,0.0,0.0,39.591341
2023-01-06 11:00:00+02:00,0.0,0.0,0.0,39.591341
2023-01-06 11:15:00+02:00,0.0,0.0,0.0,39.591341
2023-01-06 11:30:00+02:00,0.0,0.0,0.0,39.591341
2023-01-06 11:45:00+02:00,0.0,0.0,0.0,39.591341
2023-01-06 12:00:00+02:00,0.0,0.0,0.0,39.591341
2023-01-06 12:15:00+02:00,0.0,0.0,0.0,39.591341
2023-01-06 12:30:00+02:00,0.0,0.0,0.0,39.591341
2023-01-06 12:45:00+02:00,0.0,0.0,0.0,39.591341
2023-01-06 13:00:00+02:00,0.0,0.0,0.0,39.591341
2023-01-06 13:15:00+02:00,0.0,0.0,0.0,39.591341
2023-01-06 13:30:00+02:00,0.0,0.0,0.0,39.591341
2023-01-06 13:45:00+02:00,0.0,0.0,0.0,39.591341
2023-01-06 14:00:00+02:00,0.0,0.0,0.0,39.591341
2023-01-06 14:15:00+02:00,0.0,0.0,0.0,39.591341
2023-01-06 14:30:00+02:00,0.0,0.0,0.0,39.591341
2023-01-06 14:45:00+02:00,0.0,0.0,0.0,39.591341
2023-01-06 15:00:00+02:00,0.0,0.0,0.0,39.591341
2023-01-06 15:15:00+02:00,0.0,0.0,0.0,39.591341
2023-01-06 15:30:00+02:00,0.0,0.0,0.0,39.591341
2023-01-06 15:45:00+02:00,0.0,0.0,0.0,39.591341
2023-01-06 16:00:00+02:00,0.0,0.0,0.0,39.591341
2023-01-06 16:15:00+02:00,0.0,0.0,0.0,39.591341
2023-01-06 16:30:00+02:00,0.0,0.0,0.0,39.591341
2023-01-06 16:45:00+02:00,0.0,0.0,0.0,39.591341
2023-01-06 17:00:00+02:00,0.0,0.0,0.0,39.591341
2023-01-06 17:15:00+02:00,0.0,0.0,0.0,39.591341
2023-01-06 17:30:00+02:00,0.0,0.0,0.0,39.591341
2023-01-06 17:45:00+02:00,0.0,0.0,0.0,39.591341
2023-01-06 18:00:00+02:00,0.0,0.0,0.0,39.591341
2023-01-06 18:15:00+02:00,0.0,0.0,0.0,15.2
2023-01-06 18:30:00+02:00,0.0,0.0,0.0,15.2
2023-01-06 18:45:00+02:00,0.0,0.0,0.0,15.2
2023-01-06 19:00:00+02:00,0.0,0.0,0.0,15.2
2023-01-06 19:15:00+02:00,0.0,0.0,0.0,15.2
2023-01-06 19:30:00+02:00,0.0,0.0,0.0,15.2
2023-01-06 19:45:00+02:00,0.0,0.0,0.0,15.2
2023-01-06 20:00:00+02:00,0.0,0.0,0.0,15.2
2023-01-06 20:15:00+02:00,0.0,0.0,0.0,15.2
2023-01-06 20:30:00+02:00,0.0,0.0,0.0,15.2
2023-01-06 20:45:00+02:00,0.0,0.0,0.0,15.2
2023-01-06 21:00:00+02:00,0.0,0.0,0.0,15.2
2023-01-06 21:15:00+02:00,0.0,0.0,0.0,15.2
2023-01-06 21:30:00+02:00,0.0,0.0,0.0,15.2
2023-01-06 21:45:00+02:00,0.0,0.0,0.0,15.2
2023-01-06 22:00:00+02:00,0.0,0.0,0.0,15.2
2023-01-06 22:15:00+02:00,0.0,0.0,0.0,15.2
2023-01-06 22:30:00+02:00,0.0,0.0,0.0,15.2
2023-01-06 22:45:00+02:00,0.0,0.0,0.0,15.2
2023-01-06 23:00:00+02:00,0.0,0.0,0.0,15.2
2023-01-06 23:15:00+02:00,0.0,0.0,0.0,15.2
2023-01-06 23:30:00+02:00,0.0,0.0,0.0,15.2
2023-01-06 23:45:00+02:00,0.0,0.0,0.0,15.2
2023-01-07 00:00:00+02:00,0.0,0.0,0.0,15.2
2023-01-07 00:15:00+02:00,0.0,0.0,0.0,15.2
2023-01-07 00:30:00+02:00,0.0,0.0,0.0,15.2
2023-01-07 00:45:00+02:00,0.0,0.0,0.0,15.2
2023-01-07 01:00:00+02:00,0.0,0.0,0.0,15.2
2023-01-07 01:15:00+02:00,0.0,0.0,0.0,15.2
2023-01-07 01:30:00+02:00,0.0,0.0,0.0,15.2
2023-01-07 01:45:00+02:00,0.0,0.0,0.0,15.2
2023-01-07 02:00:00+02:00,0.0,0.0,0.0,15.2
2023-01-07 02:15:00+02:00,0.0,0.0,0.0,15.2
2023-01-07 02:30:00+02:00,0.0,0.0,0.0,15.2
2023-01-07 02:45:00+02:00,0.0,0.0,0.0,15.2
2023-01-07 03:00:00+02:00,0.0,0.0,0.0,15.2
2023-01-07 03:15:00+02:00,0.0,0.0,0.0,15.2
2023-01-07 03:30:00+02:00,0.0,0.0,0.0,15.2
2023-01-07 03:45:00+02:00,0.0,0.0,0.0,15.2
2023-01-07 04:00:00+02:00,0.0,0.0,0.0,15.2
2023-01-07 04:15:00+02:00,0.0,0.0,0.0,15.2
2023-01-07 04:30:00+02:00,0.0,0.0,0.0,15.2
2023-01-07 04:45:00+02:00,0.0,0.0,0.0,15.2
2023-01-07 05:00:00+02:00,0.0,0.0,0.0,15.2
2023-01-07 05:15:00+02:00,0.0,0.0,0.0,15.2
2023-01-07 05:30:00+02:00,0.0,0.0,0.0,15.2
2023-01-07 05:45:00+02:00,0.0,0.0,0.0,15.2
2023-01-07 06:00:00+02:00,0.0,0.0,0.0,15.2
2023-01-07 06:15:00+02:00,0.0,0.0,0.0,15.2
2023-01-07 06:30:00+02:00,0.0,0.0,0.0,15.2
2023-01-07 06:45:00+02:00,0.0,0.0,0.0,15.2
2023-01-07 07:00:00+02:00,0.0,0.0,0.0,15.2
2023-01-07 07:15:00+02:00,0.0,0.0,0.0,15.2
2023-01-07 07:30:00+02:00,0.0,0.0,0.0,15.2
2023-01-07 07:45:00+02:00,0.0,0.0,0.0,15.2
2023-01-07 08:00:00+02:00,0.0,0.0,0.0,15.2
2023-01-07 08:15:00+02:00,0.0,0.0,0.0,15.2
2023-01-07 08:30:00+02:00,0.0,0.0,0.0,15.2
2023-01-07 08:45:00+02:00,0.0,0.0,0.0,15.2
2023-01-07 09:00:00+02:00,0.0,0.0,0.0,15.2
2023-01-07 09:15:00+02:00,0.0,0.0,0.0,15.2
2023-01-07 09:30:00+02:00,0.0,0.0,0.0,15.2
2023-01-07 09:45:00+02:00,0.0,0.0,0.0,15.2
2023-01-07 10:00:00+02:00,0.0,0.0,0.0,15.2
2023-01-07 10:15:00+02:00,0.0,0.0,0.0,15.2
2023-01-07 10:30:00+02:00,0.0,0.0,0.0,15.2
2023-01-07 10:45:00+02:00,0.0,0.0,0.0,15.2
2023-01-07 11:00:00+02:00,0.0,0.0,0.0,15.2
2023-01-07 11:15:00+02:00,0.0,0.0,0.0,15.2
2023-01-07 11:30:00+02:00,0.0,0.0,0.0,15.2
2023-01-07 11:45:00+02:00,0.0,0.0,0.0,15.2
2023-01-07 12:00:00+02:00,0.0,0.0,0.0,15.2
2023-01-07 12:15:00+02:00,0.0,0.0,0.0,15.2
2023-01-07 12:30:00+02:00,0.0,0.0,0.0,15.2
2023-01-07 12:45:00+02:00,0.0,0.0,0.0,15.2
2023-01-07 13:00:00+02:00,0.0,0.0,0.0,15.2
2023-01-07 13:15:00+02:00,0.0,0.0,0.0,15.2
2023-01-07 13:30:00+02:00,0.0,0.0,0.0,15.2
2023-01-07 13:45:00+02:00,0.0,0.0,0.0,15.2
2023-01-07 14:00:00+02:00,0.0,0.0,0.0,15.2
2023-01-07 14:15:00+02:00,0.0,0.0,0.0,15.2
2023-01-07 14:30:00+02:00,0.0,0.0,0.0,15.2
2023-01-07 14:45:00+02:00,0.0,0.0,0.0,15.2
2023-01-07 15:00:00+02:00,0.0,0.0,0.0,15.2
2023-01-07 15:15:00+02:00,0.0,0.0,0.0,15.2
2023-01-07 15:30:00+02:00,0.0,0.0,0.0,15.2
2023-01-07 15:45:00+02:00,0.0,0.0,0.0,15.2
2023-01-07 16:00:00+02:00,0.0,0.0,0.0,15.2
2023-01-07 16:15:00+02:00,0.0,0.0,0.0,15.2
2023-01-07 16:30:00+02:00,0.0,0.0,0.0,15.2
2023-01-07 16:45:00+02:00,0.0,0.0,0.0,15.2
2023-01-07 17:00:00+02:00,0.0,0.0,0.0,15.2
2023-01-07 17:15:00+02:00,0.0,0.0,0.0,15.2
2023-01-07 17:30:00+02:00,0.0,0.0,0.0,15.2
2023-01-07 17:45:00+02:00,0.0,0.0,0.0,15.2
2023-01-07 18:00:00+02:00,0.0,0.0,0.0,15.2
2023-01-07 18:15:00+02:00,0.0,0.0,0.0,15.2
2023-01-07 18:30:00+02:00,0.0,0.0,0.0,15.2
2023-01-07 18:45:00+02:00,0.0,0.0,0.0,15.2
2023-01-07 19:00:00+02:00,0.0,0.0,0.0,15.2
2023-01-07 19:15:00+02:00,0.0,0.0,0.0,15.2
2023-01-07 19:30:00+02:00,0.0,0.0,0.0,15.2
2023-01-07 19:45:00+02:00,0.0,0.0,0.0,15.2
2023-01-07 20:00:00+02:00,0.0,0.0,0.0,15.2
2023-01-07 20:15:00+02:00,0.0,0.0,0.0,15.2
2023-01-07 20:30:00+02:00,0.0,0.0,0.0,15.2
2023-01-07 20:45:00+02:00,0.0,0.0,0.0,15.2
2023-01-07 21:00:00+02:00,0.0,0.0,0.0,15.2
2023-01-07 21:15:00+02:00,0.0,0.0,0.0,15.2
2023-01-07 21:30:00+02:00,0.0,0.0,0.0,15.2
2023-01-07 21:45:00+02:00,0.0,0.0,0.0,15.2
2023-01-07 22:00:00+02:00,0.0,0.0,0.0,15.2
2023-01-07 22:15:00+02:00,0.0,0.0,0.0,15.2
2023-01-07 22:30:00+02:00,0.0,0.0,0.0,15.2
2023-01-07 22:45:00+02:00,0.0,0.0,0.0,15.2
2023-01-07 23:00:00+02:00,0.0,0.0,0.0,15.2
2023-01-07 23:15:00+02:00,0.0,0.0,0.0,15.2
2023-01-07 23:30:00+02:00,0.0,0.0,0.0,15.2
2023-01-07 23:45:00+02:00,0.0,0.0,0.0,15.2
